URL;Cena;Naziv;1.registracija;Prevoženih;Gorivo;Menjalnik;Motor
https://www.avto.net/Ads/details.asp?id=18447128&display=Chevrolet%20Aveo;4790;Chevrolet Aveo 1.4 16V-128.000-1.LASTNICA-SLO-KLIMA-TEMPOMAT-TOP;2012;128010 km;bencinski motor;ročni menjalnik;1399 ccm, 74 kW / 101 KM
https://www.avto.net/Ads/details.asp?id=18446561&display=Kia%20Pro_CeeD;3480;Kia Pro_CeeD 1.6 -•Klima•Lepo ohranjeno•Slovenski•;2010;149111 km;bencinski motor;ročni menjalnik;1591 ccm, 92 kW / 125 KM
https://www.avto.net/Ads/details.asp?id=18446378&display=Citroen%20C4;3990;Citroen C4 ALU-PANORAMA-AVT.KLIMA-TEMPOMAT-MEGLENKE-;2010;118000 km;bencinski motor;ročni menjalnik;1598 ccm, 88 kW / 120 KM
https://www.avto.net/Ads/details.asp?id=18442730&display=Mitsubishi%20Colt;2990;Mitsubishi Colt 1.3 •Novejši model•Klima•Slovenski•;2010;134112 km;bencinski motor;ročni menjalnik;1332 ccm, 70 kW / 95 KM
https://www.avto.net/Ads/details.asp?id=18437187&display=Lancia%20Ypsilon;3200;Lancia Ypsilon 1.4 16v Versus;2010;119000 km;bencinski motor;ročni menjalnik;1368 ccm, 70 kW / 95 KM
https://www.avto.net/Ads/details.asp?id=18436173&display=Kia%20Pro_CeeD;4790;Kia Pro_CeeD 1.4 benc. CVVT-141.000KM-SLO-ALU-KLIMA-SERVISNA;2010;141003 km;bencinski motor;ročni menjalnik;1396 ccm, 80 kW / 109 KM
https://www.avto.net/Ads/details.asp?id=18426080&display=Renault%20Laguna;4750;Renault Laguna Bose   Design dCi 150;2011;;diesel motor;ročni menjalnik;1995 ccm, 110 kW / 150 KM
https://www.avto.net/Ads/details.asp?id=18424486&display=Opel%20Corsa;4690;Opel Corsa 1.4 16V ENJOY SLO. PDC.AC  samo 95000 km;2010;95000 km;bencinski motor;ročni menjalnik;1398 ccm, 74 kW / 101 KM
https://www.avto.net/Ads/details.asp?id=18422331&display=Peugeot%20207;3890;Peugeot 207 1.4 VTI 1.LASTNIK SLO  POREKLO 127.350 KM ODLIČEN;2010;127350 km;bencinski motor;ročni menjalnik;1397 ccm, 72 kW / 98 KM
https://www.avto.net/Ads/details.asp?id=18378154&display=Chevrolet%20Cruze;3990;Chevrolet Cruze 1.6 LS AUTO;2010;108500 km;bencinski motor;ročni menjalnik;1598 ccm, 83 kW / 113 KM
https://www.avto.net/Ads/details.asp?id=18358948&display=Chevrolet%20Cruze;3900;Chevrolet Cruze 1.8 LS;2010;130000 km;bencinski motor;ročni menjalnik;1796 ccm, 104 kW / 141 KM
https://www.avto.net/Ads/details.asp?id=18356661&display=Renault%20Twingo;4140;Renault Twingo GT 1.2 TCE. 16v. 74kv.;2010;141000 km;bencinski motor;ročni menjalnik;1149 ccm, 74 kW / 101 KM
https://www.avto.net/Ads/details.asp?id=18302040&display=Opel%20Corsa;4000;Opel Corsa 1.4 16V ENJOY;2011;148000 km;bencinski motor;ročni menjalnik;1398 ccm, 74 kW / 101 KM
https://www.avto.net/Ads/details.asp?id=18300675&display=Hyundai%20i30;4490;Hyundai i30 1.6I CVVT ILOOK - 1.LASTNIK - 17 COL ALU;2010;138500 km;bencinski motor;ročni menjalnik;1591 ccm, 93 kW / 126 KM
https://www.avto.net/Ads/details.asp?id=18251340&display=Renault%20Clio;4190;Renault Clio Dynamique TCE 100 5V;2010;128051 km;bencinski motor;ročni menjalnik;1149 ccm, 74 kW / 101 KM
